Id,Relation
6639,Unknown
6640,Unknown
6641,Unknown
6642,Unknown
6643,Unknown
6644,Unknown
6645,Unknown
6646,Unknown
6647,Unknown
6648,Unknown
6649,Unknown
6650,Unknown
6651,Unknown
6652,Unknown
6653,Unknown
6654,Unknown
6655,Unknown
6656,Unknown
6657,Unknown
6658,Unknown
6659,Unknown
6660,Unknown
6661,Unknown
6662,Unknown
6663,Unknown
6664,Unknown
6665,Unknown
6666,Unknown
6667,Unknown
6668,Unknown
6669,Unknown
6670,Unknown
6671,Unknown
6672,Unknown
6673,Unknown
6674,Unknown
6675,Unknown
6676,Unknown
6677,Unknown
6678,Unknown
6679,Unknown
6680,Unknown
6681,Unknown
6682,Unknown
6683,Unknown
6684,Unknown
6685,Unknown
6686,Unknown
6687,Unknown
6688,Unknown
6689,Unknown
6690,Unknown
6691,Unknown
6692,Unknown
6693,Unknown
6694,Unknown
6695,Unknown
6696,Unknown
6697,Unknown
6698,Unknown
6699,Unknown
6700,Unknown
6701,Unknown
6702,Unknown
6703,Unknown
6704,Unknown
6705,Unknown
6706,Unknown
6707,Unknown
6708,Unknown
6709,Unknown
6710,Unknown
6711,Unknown
6712,Unknown
6713,Unknown
6714,Unknown
6715,Unknown
6716,Unknown
6717,Unknown
6718,Unknown
6719,Unknown
6720,Unknown
6721,Unknown
6722,Unknown
6723,Unknown
6724,Unknown
6725,Unknown
6726,Unknown
6727,Unknown
6728,Unknown
6729,Unknown
6730,Unknown
6731,Unknown
6732,Unknown
6733,Unknown
6734,Unknown
6735,Unknown
6736,Unknown
6737,Unknown
6738,Unknown
6739,Unknown
6740,Unknown
6741,Unknown
6742,Unknown
6743,Unknown
6744,Unknown
6745,Unknown
6746,Unknown
6747,Unknown
6748,Unknown
6749,Unknown
6750,Unknown
6751,Unknown
6752,Unknown
6753,Unknown
6754,Unknown
6755,Unknown
6756,Unknown
6757,Unknown
6758,Unknown
6759,Unknown
6760,Unknown
6761,Unknown
6762,Unknown
6763,Unknown
6764,Unknown
6765,Unknown
6766,Unknown
6767,Unknown
6768,Unknown
6769,Unknown
6770,Unknown
6771,Unknown
6772,Unknown
6773,Unknown
6774,Unknown
6775,Unknown
6776,Unknown
6777,Unknown
6778,Unknown
6779,Unknown
6780,Unknown
6781,Unknown
6782,Unknown
6783,Unknown
6784,Unknown
6785,Unknown
6786,Unknown
6787,Unknown
6788,Unknown
6789,Unknown
6790,Unknown
6791,Unknown
6792,Unknown
6793,Unknown
6794,Unknown
6795,Unknown
6796,Unknown
6797,Unknown
6798,Unknown
6799,Unknown
6800,Unknown
6801,Unknown
6802,Unknown
6803,Unknown
6804,Unknown
6805,Unknown
6806,Unknown
6807,Unknown
6808,Unknown
6809,Unknown
6810,Unknown
6811,Unknown
6812,Unknown
6813,Unknown
6814,Unknown
6815,Unknown
6816,Unknown
6817,Unknown
6818,Unknown
6819,Unknown
6820,Unknown
6821,Unknown
6822,Unknown
6823,Unknown
6824,Unknown
6825,Unknown
6826,Unknown
6827,Unknown
6828,Unknown
6829,Unknown
6830,Unknown
6831,Unknown
6832,Unknown
6833,Unknown
6834,Unknown
6835,Unknown
6836,Unknown
6837,Unknown
6838,Unknown
6839,Unknown
6840,Unknown
6841,Unknown
6842,Unknown
6843,Unknown
6844,Unknown
6845,Unknown
6846,Unknown
6847,Unknown
6848,Unknown
6849,Unknown
6850,Unknown
6851,Unknown
6852,Unknown
6853,Unknown
6854,Unknown
6855,Unknown
6856,Unknown
6857,Unknown
6858,Unknown
6859,Unknown
6860,Unknown
6861,Unknown
6862,Unknown
6863,Unknown
6864,Unknown
6865,Unknown
6866,Unknown
6867,Unknown
6868,Unknown
6869,Unknown
6870,Unknown
6871,Unknown
6872,Unknown
6873,Unknown
6874,Unknown
6875,Unknown
6876,Unknown
6877,Unknown
6878,Unknown
6879,Unknown
6880,Unknown
6881,Unknown
6882,Unknown
6883,Unknown
6884,Unknown
6885,Unknown
6886,Unknown
6887,Unknown
6888,Unknown
6889,Unknown
6890,Unknown
6891,Unknown
6892,Unknown
6893,Unknown
6894,Unknown
6895,Unknown
6896,Unknown
6897,Unknown
6898,Unknown
6899,Unknown
6900,Unknown
6901,Unknown
6902,Unknown
6903,Unknown
6904,Unknown
6905,Unknown
6906,Unknown
6907,Unknown
6908,Unknown
6909,Unknown
6910,Unknown
6911,Unknown
6912,Unknown
6913,Unknown
6914,Unknown
6915,Unknown
6916,Unknown
6917,Unknown
6918,Unknown
6919,Unknown
6920,Unknown
6921,Unknown
6922,Unknown
6923,Unknown
6924,Unknown
6925,Unknown
6926,Unknown
6927,Unknown
6928,Unknown
6929,Unknown
6930,Unknown
6931,Unknown
6932,Unknown
6933,Unknown
6934,Unknown
6935,Unknown
6936,Unknown
6937,Unknown
6938,Unknown
6939,Unknown
6940,Unknown
6941,Unknown
6942,Unknown
6943,Unknown
6944,Unknown
6945,Unknown
6946,Unknown
6947,Unknown
6948,Unknown
6949,Unknown
6950,Unknown
6951,Unknown
6952,Unknown
6953,Unknown
6954,Unknown
6955,Unknown
6956,Unknown
6957,Unknown
6958,Unknown
6959,Unknown
6960,Unknown
6961,Unknown
6962,Unknown
6963,Unknown
6964,Unknown
6965,Unknown
6966,Unknown
6967,Unknown
6968,Unknown
6969,Unknown
6970,Unknown
6971,Unknown
6972,Unknown
6973,Unknown
6974,Unknown
6975,Unknown
6976,Unknown
6977,Unknown
6978,Unknown
6979,Unknown
6980,Unknown
6981,Unknown
6982,Unknown
6983,Unknown
6984,Unknown
6985,Unknown
6986,Unknown
6987,Unknown
6988,Unknown
6989,Unknown
6990,Unknown
6991,Unknown
6992,Unknown
6993,Unknown
6994,Unknown
6995,Unknown
6996,Unknown
6997,Unknown
6998,Unknown
6999,Unknown
7000,Unknown
7001,Unknown
7002,Unknown
7003,Unknown
7004,Unknown
7005,Unknown
7006,Unknown
7007,Unknown
7008,Unknown
7009,Unknown
7010,Unknown
7011,Unknown
7012,Unknown
7013,Unknown
7014,Unknown
7015,Unknown
7016,Unknown
7017,Unknown
7018,Unknown
7019,Unknown
7020,Unknown
7021,Unknown
7022,Unknown
7023,Unknown
7024,Unknown
7025,Unknown
7026,Unknown
7027,Unknown
7028,Unknown
7029,Unknown
7030,Unknown
7031,Unknown
7032,Unknown
7033,Unknown
7034,Unknown
7035,Unknown
7036,Unknown
7037,Unknown
7038,Unknown
7039,Unknown
7040,Unknown
7041,Unknown
7042,Unknown
7043,Unknown
7044,Unknown
7045,Unknown
7046,Unknown
7047,Unknown
7048,Unknown
7049,Unknown
7050,Unknown
7051,Unknown
7052,Unknown
7053,Unknown
7054,Unknown
7055,Unknown
7056,Unknown
7057,Unknown
7058,Unknown
7059,Unknown
7060,Unknown
7061,Unknown
7062,Unknown
7063,Unknown
7064,Unknown
7065,Unknown
7066,Unknown
7067,Unknown
7068,Unknown
7069,Unknown
7070,Unknown
7071,Unknown
7072,Unknown
7073,Unknown
7074,Unknown
7075,Unknown
7076,Unknown
7077,Unknown
7078,Unknown
7079,Unknown
7080,Unknown
7081,Unknown
7082,Unknown
7083,Unknown
7084,Unknown
7085,Unknown
7086,Unknown
7087,Unknown
7088,Unknown
7089,Unknown
7090,Unknown
7091,Unknown
7092,Unknown
7093,Unknown
7094,Unknown
7095,Unknown
7096,Unknown
7097,Unknown
7098,Unknown
7099,Unknown
7100,Unknown
7101,Unknown
7102,Unknown
7103,Unknown
7104,Unknown
7105,Unknown
7106,Unknown
7107,Unknown
7108,Unknown
7109,Unknown
7110,Unknown
7111,Unknown
7112,Unknown
7113,Unknown
7114,Unknown
7115,Unknown
7116,Unknown
7117,Unknown
7118,Unknown
7119,Unknown
7120,Unknown
7121,Unknown
7122,Unknown
7123,Unknown
7124,Unknown
7125,Unknown
7126,Unknown
7127,Unknown
7128,Unknown
7129,Unknown
7130,Unknown
7131,Unknown
7132,Unknown
7133,Unknown
7134,Unknown
7135,Unknown
7136,Unknown
7137,Unknown
7138,Unknown
7139,Unknown
7140,Unknown
7141,Unknown
7142,Unknown
7143,Unknown
7144,Unknown
7145,Unknown
7146,Unknown
7147,Unknown
7148,Unknown
7149,Unknown
7150,Unknown
7151,Unknown
7152,Unknown
7153,Unknown
7154,Unknown
7155,Unknown
7156,Unknown
7157,Unknown
7158,Unknown
7159,Unknown
7160,Unknown
7161,Unknown
7162,Unknown
7163,Unknown
7164,Unknown
7165,Unknown
7166,Unknown
7167,Unknown
7168,Unknown
7169,Unknown
7170,Unknown
7171,Unknown
7172,Unknown
7173,Unknown
7174,Unknown
7175,Unknown
7176,Unknown
7177,Unknown
7178,Unknown
7179,Unknown
7180,Unknown
7181,Unknown
7182,Unknown
7183,Unknown
7184,Unknown
7185,Unknown
7186,Unknown
7187,Unknown
7188,Unknown
7189,Unknown
7190,Unknown
7191,Unknown
7192,Unknown
7193,Unknown
7194,Unknown
7195,Unknown
7196,Unknown
7197,Unknown
7198,Unknown
7199,Unknown
7200,Unknown
7201,Unknown
7202,Unknown
7203,Unknown
7204,Unknown
7205,Unknown
7206,Unknown
7207,Unknown
7208,Unknown
7209,Unknown
7210,Unknown
7211,Unknown
7212,Unknown
7213,Unknown
7214,Unknown
7215,Unknown
7216,Unknown
7217,Unknown
7218,Unknown
7219,Unknown
7220,Unknown
7221,Unknown
7222,Unknown
7223,Unknown
7224,Unknown
7225,Unknown
7226,Unknown
7227,Unknown
7228,Unknown
7229,Unknown
7230,Unknown
7231,Unknown
7232,Unknown
7233,Unknown
7234,Unknown
7235,Unknown
7236,Unknown
7237,Unknown
7238,Unknown
7239,Unknown
7240,Unknown
7241,Unknown
7242,Unknown
7243,Unknown
7244,Unknown
7245,Unknown
7246,Unknown
7247,Unknown
7248,Unknown
7249,Unknown
7250,Unknown
7251,Unknown
7252,Unknown
7253,Unknown
7254,Unknown
7255,Unknown
7256,Unknown
7257,Unknown
7258,Unknown
7259,Unknown
7260,Unknown
7261,Unknown
7262,Unknown
7263,Unknown
7264,Unknown
7265,Unknown
7266,Unknown
7267,Unknown
7268,Unknown
7269,Unknown
7270,Unknown
7271,Unknown
7272,Unknown
7273,Unknown
7274,Unknown
7275,Unknown
7276,Unknown
7277,Unknown
7278,Unknown
7279,Unknown
7280,Unknown
7281,Unknown
7282,Unknown
7283,Unknown
7284,Unknown
7285,Unknown
7286,Unknown
7287,Unknown
7288,Unknown
7289,Unknown
7290,Unknown
7291,Unknown
7292,Unknown
7293,Unknown
7294,Unknown
7295,Unknown
7296,Unknown
7297,Unknown
7298,Unknown
7299,Unknown
7300,Unknown
7301,Unknown
7302,Unknown
7303,Unknown
7304,Unknown
7305,Unknown
7306,Unknown
7307,Unknown
7308,Unknown
7309,Unknown
7310,Unknown
7311,Unknown
7312,Unknown
7313,Unknown
7314,Unknown
7315,Unknown
7316,Unknown
7317,Unknown
7318,Unknown
7319,Unknown
7320,Unknown
7321,Unknown
7322,Unknown
7323,Unknown
7324,Unknown
7325,Unknown
7326,Unknown
7327,Unknown
7328,Unknown
7329,Unknown
7330,Unknown
7331,Unknown
7332,Unknown
7333,Unknown
7334,Unknown
7335,Unknown
7336,Unknown
7337,Unknown
7338,Unknown
7339,Unknown
7340,Unknown
7341,Unknown
7342,Unknown
7343,Unknown
7344,Unknown
7345,Unknown
7346,Unknown
7347,Unknown
7348,Unknown
7349,Unknown
7350,Unknown
7351,Unknown
7352,Unknown
7353,Unknown
7354,Unknown
7355,Unknown
7356,Unknown
7357,Unknown
7358,Unknown
7359,Unknown
7360,Unknown
7361,Unknown
7362,Unknown
7363,Unknown
7364,Unknown
7365,Unknown
7366,Unknown
7367,Unknown
7368,Unknown
7369,Unknown
7370,Unknown
7371,Unknown
7372,Unknown
7373,Unknown
7374,Unknown
7375,Unknown
7376,Unknown
7377,Unknown
7378,Unknown
7379,Unknown
7380,Unknown
7381,Unknown
7382,Unknown
7383,Unknown
7384,Unknown
7385,Unknown
7386,Unknown
7387,Unknown
7388,Unknown
7389,Unknown
7390,Unknown
7391,Unknown
7392,Unknown
7393,Unknown
7394,Unknown
7395,Unknown
7396,Unknown
7397,Unknown
7398,Unknown
7399,Unknown
7400,Unknown
7401,Unknown
7402,Unknown
7403,Unknown
7404,Unknown
7405,Unknown
7406,Unknown
7407,Unknown
7408,Unknown
7409,Unknown
7410,Unknown
7411,Unknown
7412,Unknown
7413,Unknown
7414,Unknown
7415,Unknown
7416,Unknown
7417,Unknown
7418,Unknown
7419,Unknown
7420,Unknown
7421,Unknown
7422,Unknown
7423,Unknown
7424,Unknown
7425,Unknown
7426,Unknown
7427,Unknown
7428,Unknown
7429,Unknown
7430,Unknown
7431,Unknown
7432,Unknown
7433,Unknown
7434,Unknown
7435,Unknown
7436,Unknown
7437,Unknown
7438,Unknown
7439,Unknown
7440,Unknown
7441,Unknown
7442,Unknown
7443,Unknown
7444,Unknown
7445,Unknown
7446,Unknown
7447,Unknown
7448,Unknown
7449,Unknown
7450,Unknown
7451,Unknown
7452,Unknown
7453,Unknown
7454,Unknown
7455,Unknown
7456,Unknown
7457,Unknown
7458,Unknown
7459,Unknown
7460,Unknown
7461,Unknown
7462,Unknown
7463,Unknown
7464,Unknown
7465,Unknown
7466,Unknown
7467,Unknown
7468,Unknown
7469,Unknown
7470,Unknown
7471,Unknown
7472,Unknown
7473,Unknown
7474,Unknown
7475,Unknown
7476,Unknown
7477,Unknown
7478,Unknown
7479,Unknown
7480,Unknown
7481,Unknown
7482,Unknown
7483,Unknown
7484,Unknown
7485,Unknown
7486,Unknown
7487,Unknown
7488,Unknown
7489,Unknown
7490,Unknown
7491,Unknown
7492,Unknown
7493,Unknown
7494,Unknown
7495,Unknown
7496,Unknown
7497,Unknown
7498,Unknown
7499,Unknown
7500,Unknown
7501,Unknown
7502,Unknown
7503,Unknown
7504,Unknown
7505,Unknown
7506,Unknown
7507,Unknown
7508,Unknown
7509,Unknown
7510,Unknown
7511,Unknown
7512,Unknown
7513,Unknown
7514,Unknown
7515,Unknown
7516,Unknown
7517,Unknown
7518,Unknown
7519,Unknown
7520,Unknown
7521,Unknown
7522,Unknown
7523,Unknown
7524,Unknown
7525,Unknown
7526,Unknown
7527,Unknown
7528,Unknown
7529,Unknown
7530,Unknown
7531,Unknown
7532,Unknown
7533,Unknown
7534,Unknown
7535,Unknown
7536,Unknown
7537,Unknown
7538,Unknown
7539,Unknown
7540,Unknown
7541,Unknown
7542,Unknown
7543,Unknown
7544,Unknown
7545,Unknown
7546,Unknown
7547,Unknown
7548,Unknown
7549,Unknown
7550,Unknown
7551,Unknown
7552,Unknown
7553,Unknown
7554,Unknown
7555,Unknown
7556,Unknown
7557,Unknown
7558,Unknown
7559,Unknown
7560,Unknown
7561,Unknown
7562,Unknown
7563,Unknown
7564,Unknown
7565,Unknown
7566,Unknown
7567,Unknown
7568,Unknown
7569,Unknown
7570,Unknown
7571,Unknown
7572,Unknown
7573,Unknown
7574,Unknown
7575,Unknown
7576,Unknown
7577,Unknown
7578,Unknown
7579,Unknown
7580,Unknown
7581,Unknown
7582,Unknown
7583,Unknown
7584,Unknown
7585,Unknown
7586,Unknown
7587,Unknown
7588,Unknown
7589,Unknown
7590,Unknown
7591,Unknown
7592,Unknown
7593,Unknown
7594,Unknown
7595,Unknown
7596,Unknown
7597,Unknown
7598,Unknown
7599,Unknown
7600,Unknown
7601,Unknown
7602,Unknown
7603,Unknown
7604,Unknown
7605,Unknown
7606,Unknown
7607,Unknown
7608,Unknown
7609,Unknown
7610,Unknown
7611,Unknown
7612,Unknown
7613,Unknown
7614,Unknown
7615,Unknown
7616,Unknown
7617,Unknown
7618,Unknown
7619,Unknown
7620,Unknown
7621,Unknown
7622,Unknown
7623,Unknown
7624,Unknown
7625,Unknown
7626,Unknown
7627,Unknown
7628,Unknown
7629,Unknown
7630,Unknown
7631,Unknown
7632,Unknown
7633,Unknown
7634,Unknown
7635,Unknown
7636,Unknown
7637,Unknown
7638,Unknown
